dest_airport_id,total_flights,avg_arrival_delay,delay_rate,airport_id,airport_name,iata_code,latitude,longitude
10135,2493,17.566191446028512,23.158323158323157,10135,"Allentown/Bethlehem/Easton, PA: Lehigh Valley International",ABE,40.65166667,-75.44277778
10136,1472,13.766759776536313,24.407252440725244,10136,"Abilene, TX: Abilene Regional",ABI,32.40833333,-99.6825
10140,21132,13.599206538884374,21.138793432607866,10140,"Albuquerque, NM: Albuquerque International Sunport",ABQ,35.03805556,-106.61
10141,622,9.689320388349515,8.051529790660226,10141,"Aberdeen, SD: Aberdeen Regional",ABR,45.44666667,-98.42305556
10146,793,28.993573264781492,24.261874197689345,10146,"Albany, GA: Southwest Georgia Regional",ABY,31.53555556,-84.19444444
10154,1582,11.4242029928432,16.63430420711974,10154,"Nantucket, MA: Nantucket Memorial",ACK,41.25333333,-70.06055556
10155,912,17.176,25.313568985176737,10155,"Waco, TX: Waco Regional",ACT,31.60416667,-97.22972222
10157,1627,13.56469849246231,16.264687693259123,10157,"Arcata/Eureka, CA: California Redwood Coast Humboldt County",ACV,40.97777778,-124.10833333
10158,2310,14.280786026200873,17.61883994766681,10158,"Atlantic City, NJ: Atlantic City International",ACY,39.45916667,-74.57861111
10165,87,7.227848101265823,8.860759493670885,10165,"Adak Island, AK: Adak",ADK,51.88361111,-176.6425
10170,747,9.110957004160888,15.05524861878453,10170,"Kodiak, AK: Kodiak Airport",ADQ,57.74972222,-152.49388889
10185,928,18.516968325791854,21.645997745208568,10185,"Alexandria, LA: Alexandria International",AEX,31.32333333,-92.54694444
10208,1843,24.368184373243395,28.39506172839506,10208,"Augusta, GA: Augusta Regional at Bush Field",AGS,33.37,-81.96444444
10245,166,9.272727272727273,21.818181818181817,10245,"King Salmon, AK: King Salmon Airport",AKN,58.67805556,-156.65194444
10257,10425,18.13759765625,24.71275559883155,10257,"Albany, NY: Albany International",ALB,42.74916667,-73.80472222
10268,281,16.912727272727274,22.857142857142858,10268,"Waterloo, IA: Waterloo Regional",ALO,42.56055556,-92.4025
10279,4384,15.870643274853801,22.072176949941795,10279,"Amarillo, TX: Rick Husband Amarillo International",AMA,35.23166667,-101.69916667
10299,16225,12.89375,21.97829612074342,10299,"Anchorage, AK: Ted Stevens Anchorage International",ANC,61.17416667,-149.99805556
10333,523,12.257936507936508,13.017751479289942,10333,"Alpena, MI: Alpena County Regional",APN,45.07805556,-83.56027778
10372,6550,29.36610113107119,29.260196016440087,10372,"Aspen, CO: Aspen Pitkin County Sardy Field",ASE,39.22194444,-106.86833333
10397,262787,15.626593391293586,18.742336256159913,10397,"Atlanta, GA: Hartsfield-Jackson Atlanta International",ATL,33.63666667,-84.42805556
10408,6190,17.96676983222023,22.690305790500975,10408,"Appleton, WI: Appleton International",ATW,44.25805556,-88.51916667
10409,184,16.081967213114755,11.956521739130435,10409,"Watertown, SD: Watertown Regional",ATY,44.91388889,-97.15472222
10423,71864,15.718148022980737,22.486270874590936,10423,"Austin, TX: Austin - Bergstrom International",AUS,30.19444444,-97.67
10431,8696,18.779365265253542,23.77785555944464,10431,"Asheville, NC: Asheville Regional",AVL,35.43611111,-82.54194444
10434,1247,13.556930693069306,19.983552631578945,10434,"Scranton/Wilkes-Barre, PA: Wilkes Barre Scranton International",AVP,41.34027778,-75.72166667
10466,5348,17.147599399849963,19.516763438846226,10466,"Phoenix, AZ: Mesa Gateway",AZA,33.30777778,-111.65527778
10469,1280,17.509134233518665,21.06096595407759,10469,"Kalamazoo, MI: Kalamazoo/Battle Creek International",AZO,42.23583333,-85.55388889
10529,19444,16.554157092124505,22.961921133510444,10529,"Hartford, CT: Bradley International",BDL,41.93916667,-72.68444444
10551,605,9.945578231292517,17.627118644067796,10551,"Bethel, AK: Bethel Airport",BET,60.77861111,-161.83722222
10558,521,19.576771653543307,22.89628180039139,10558,"Scottsbluff, NE: Scottsbluff W Neb Regional Wm B Heilig Field",BFF,41.87416667,-103.59555556
10561,2495,18.411290322580644,24.27536231884058,10561,"Bakersfield, CA: Meadows Field",BFL,35.43361111,-119.0575
10577,178,8.429378531073446,15.168539325842698,10577,"Binghamton, NY: Greater Binghamton/Edwin A. Link Field",BGM,42.20833333,-75.97972222
10581,3340,17.951257373486495,21.379950495049506,10581,"Bangor, ME: Bangor International",BGR,44.8075,-68.82805556
10599,14089,16.998186302959954,23.266251628782395,10599,"Birmingham, AL: Birmingham-Shuttlesworth International",BHM,33.56388889,-86.75222222
10617,258,12.859375,23.346303501945524,10617,"Bishop, CA: Bishop Airport",BIH,37.37305556,-118.36361111
10620,4127,13.477005870841488,20.29268292682927,10620,"Billings, MT: Billings Logan International",BIL,45.80777778,-108.54361111
10627,3623,17.69517971579827,21.62913539060328,10627,"Bismarck/Mandan, ND: Bismarck Municipal",BIS,46.76861111,-100.74138889
10631,607,11.757475083056478,11.774461028192372,10631,"Bemidji, MN: Bemidji Regional",BJI,47.51083333,-94.93472222
10666,2019,10.671492760858712,16.201395812562314,10666,"Bellingham, WA: Bellingham International",BLI,48.79277778,-122.5375
10676,1181,18.159420289855074,23.319148936170212,10676,"Belleville, IL: Scott AFB MidAmerica St Louis",BLV,38.54527778,-89.83527778
10685,1394,14.513808139534884,19.579405366207396,10685,"Bloomington/Normal, IL: Central Il Regional Airport at Bloomington",BMI,40.47777778,-88.91027778
10693,87612,15.261156468896415,21.826419630370207,10693,"Nashville, TN: Nashville International",BNA,36.12388889,-86.67777778
10713,19560,11.610005130836326,18.925293544582885,10713,"Boise, ID: Boise Air Terminal",BOI,43.56444444,-116.22277778
10721,120219,20.661004187640117,26.349450419472305,10721,"Boston, MA: Logan International",BOS,42.36305556,-71.00694444
10728,606,22.665505226480835,21.143847487001732,10728,"Beaumont/Port Arthur, TX: Jack Brooks Regional",BPT,29.95333333,-94.02416667
10732,1874,17.42571582928147,26.885775862068968,10732,"Aguadilla, PR: Rafael Hernandez",BQN,18.49472222,-67.12944444
10739,524,13.034615384615385,14.31297709923664,10739,"Brainerd, MN: Brainerd Lakes Regional",BRD,46.40416667,-94.13361111
10747,1317,14.452249408050513,23.233908948194664,10747,"Brownsville, TX: Brownsville South Padre Island International",BRO,25.91083333,-97.42916667
10754,303,15.966101694915254,26.779661016949152,10754,"Barrow, AK: Wiley Post/Will Rogers Memorial",BRW,71.28472222,-156.76861111
10779,590,22.18166089965398,18.96551724137931,10779,"Butte, MT: Bert Mooney",BTM,45.95111111,-112.49555556
10781,3599,20.711388003477254,25.007227522405316,10781,"Baton Rouge, LA: Baton Rouge Metropolitan/Ryan Field",BTR,30.53305556,-91.15
10785,5790,19.255428978284087,22.756296559063497,10785,"Burlington, VT: Patrick Leahy Burlington International",BTV,44.47194444,-73.15333333
10792,17267,18.162682250162327,25.679259739494313,10792,"Buffalo, NY: Buffalo Niagara International",BUF,42.94055556,-78.73055556
10800,25460,12.224124203821656,19.6347757046447,10800,"Burbank, CA: Bob Hope",BUR,34.20055556,-118.35861111
10821,80523,13.781814050942872,19.8469439129997,10821,"Baltimore, MD: Baltimore/Washington International Thurgood Marshall",BWI,39.17583333,-76.66888889
10849,9451,12.827431740614335,20.945300053106745,10849,"Bozeman, MT: Bozeman Yellowstone International",BZN,45.77722222,-111.15027778
10868,4611,18.5794434470377,26.13560080554934,10868,"Columbia, SC: Columbia Metropolitan",CAE,33.93888889,-81.11944444
10874,3477,22.866608032834947,26.46370023419204,10874,"Akron, OH: Akron-Canton Regional",CAK,40.91666667,-81.44083333
10918,523,4.921606118546845,6.309751434034416,10918,"Cedar City, UT: Cedar City Regional",CDC,37.70194444,-113.09805556
10926,606,6.333333333333333,11.352253756260435,10926,"Cordova, AK: Merle K Mudhole Smith",CDV,60.49166667,-145.4775
10980,4346,20.882172373081463,26.107445805843543,10980,"Chattanooga, TN: Lovell Field",CHA,35.03777778,-85.20194444
10990,1104,14.639118457300276,23.696248856358647,10990,"Charlottesville, VA: Charlottesville Albemarle",CHO,38.13972222,-78.45222222
10994,20522,16.7135523102228,23.405631280469606,10994,"Charleston, SC: Charleston AFB/International",CHS,32.89861111,-80.04055556
11003,6788,17.766348163630933,23.337309871756638,11003,"Cedar Rapids/Iowa City, IA: The Eastern Iowa",CID,41.88472222,-91.71083333
11013,745,16.151020408163266,20.080862533692724,11013,"Sault Ste. Marie, MI: Chippewa County International",CIU,46.255,-84.47694444
11027,185,36.93888888888889,39.226519337016576,11027,"Clarksburg/Fairmont, WV: North Central West Virginia",CKB,39.29777778,-80.2275
11041,520,7.079150579150579,11.946050096339114,11041,"Carlsbad, CA: McClellan-Palomar",CLD,33.12833333,-117.28
11042,33630,16.948977740140332,22.434367541766107,11042,"Cleveland, OH: Cleveland-Hopkins International",CLE,41.41027778,-81.85333333
11049,1000,13.329886246122028,19.09184726522188,11049,"College Station/Bryan, TX: Easterwood Field",CLL,30.58805556,-96.36083333
11057,165522,18.351548965814864,19.528128213179656,11057,"Charlotte, NC: Charlotte Douglas International",CLT,35.21305556,-80.95111111
11066,37208,16.3005404815199,23.27236049396178,11066,"Columbus, OH: John Glenn Columbus International",CMH,39.99694444,-82.89222222
11067,1332,15.673780487804878,22.696115765422697,11067,"Champaign/Urbana, IL: University of Illinois/Willard",CMI,40.03833333,-88.27666667
11076,675,32.22826086956522,30.214723926380366,11076,"Hancock/Houghton, MI: Houghton County Memorial",CMX,47.16833333,-88.48916667
11097,808,21.95219638242894,26.075949367088608,11097,"Cody, WY: Yellowstone Regional",COD,44.52027778,-109.02388889
11109,11135,19.027676620538966,26.14895549500454,11109,"Colorado Springs, CO: City of Colorado Springs Municipal",COS,38.80583333,-104.70083333
11111,1861,15.755407653910149,24.57016084303938,11111,"Columbia, MO: Columbia Regional",COU,38.82138889,-92.21555556
11122,1975,21.738437821171633,26.946721311475407,11122,"Casper, WY: Casper/Natrona County International",CPR,42.90583333,-106.46361111
11140,3309,14.931811169392162,20.68434032059186,11140,"Corpus Christi, TX: Corpus Christi International",CRP,27.76111111,-97.49611111
11146,2506,27.13200498132005,29.673957903425507,11146,"Charleston/Dunbar, WV: West Virginia International Yeager",CRW,38.37611111,-81.59277778
11193,28072,18.765294288199478,24.576700434153402,11193,"Cincinnati, OH: Cincinnati/Northern Kentucky International",CVG,39.04888889,-84.66777778
11203,573,15.035335689045937,22.711267605633804,11203,"Mosinee, WI: Central Wisconsin",CWA,44.78,-89.67527778
11233,614,36.78666666666667,28.877887788778878,11233,"Cheyenne, WY: Cheyenne Regional/Jerry Olson Field",CYS,41.15666667,-104.82027778
11252,2546,13.881789137380192,19.87256073277579,11252,"Daytona Beach, FL: Daytona Beach International",DAB,29.18,-81.05805556
11259,59494,13.4124849939976,20.416346728094872,11259,"Dallas, TX: Dallas Love Field",DAL,32.84611111,-96.85083333
11267,6519,23.104676710608913,26.66980244590781,11267,"Dayton, OH: James M Cox/Dayton International",DAY,39.90194444,-84.21805556
11278,119651,23.70786585739685,27.671132701298024,11278,"Washington, DC: Ronald Reagan Washington National",DCA,38.85138889,-77.03777778
11283,522,15.755467196819085,22.00392927308448,11283,"Dodge City, KS: Dodge City Regional",DDC,37.76305556,-99.96555556
11288,522,15.077519379844961,20.116054158607348,11288,"Decatur, IL: Decatur Airport",DEC,39.83444444,-88.86555556
11292,266373,19.102808039925748,24.199066050088174,11292,"Denver, CO: Denver International",DEN,39.86111111,-104.67194444
11298,265049,23.767355286260063,24.916793679430153,11298,"Dallas/Fort Worth, TX: Dallas/Fort Worth International",DFW,32.89722222,-97.03777778
11308,52,54.96153846153846,44.230769230769226,11308,"Dothan, AL: Dothan Regional",DHN,31.32111111,-85.44944444
11315,570,31.862888482632542,29.475587703435806,11315,"Dickinson, ND: Dickinson - Theodore Roosevelt Regional",DIK,46.80055556,-102.80444444
11336,114,7.1415929203539825,15.04424778761062,11336,"Dillingham, AK: Dillingham Airport",DLG,59.04472222,-158.50555556
11337,1849,17.063387978142078,21.296296296296298,11337,"Duluth, MN: Duluth International",DLH,46.84138889,-92.18305556
11413,3494,17.93931475029036,22.778581765557163,11413,"Durango, CO: Durango La Plata County",DRO,37.15166667,-107.75388889
11423,12249,18.180796135909393,23.583180987202926,11423,"Des Moines, IA: Des Moines International",DSM,41.53388889,-93.66305556
11433,102702,15.470710289012795,18.496036774022453,11433,"Detroit, MI: Detroit Metro Wayne County",DTW,42.2125,-83.35333333
11447,547,10.854243542435425,16.14678899082569,11447,"Devils Lake, ND: Devils Lake Regional",DVL,48.11666667,-98.91
11468,521,18.773879142300196,22.674418604651162,11468,"Kearney, NE: Kearney Regional",EAR,40.73166667,-99.00805556
11471,522,26.173828125,29.239766081871345,11471,"Eau Claire, WI: Chippewa Valley Regional",EAU,44.86583333,-91.48416667
11481,7831,15.571335674339966,22.75379229871645,11481,"Panama City, FL: Northwest Florida Beaches International",ECP,30.35833333,-85.79555556
11503,3292,19.80296479308215,27.476234283961976,11503,"Eagle, CO: Eagle County Regional",EGE,39.64277778,-106.91583333
11525,405,4.255583126550868,4.197530864197531,11525,"Elko, NV: Elko Regional",EKO,40.825,-115.79138889
11537,1034,13.235693501454898,17.521781219748306,11537,"Elmira/Corning, NY: Elmira/Corning Regional",ELM,42.15777778,-76.89638889
11540,14103,15.050836504631292,22.43874480584611,11540,"El Paso, TX: El Paso International",ELP,31.80666667,-106.37333333
11587,524,15.401174168297455,11.500974658869396,11587,"Escanaba, MI: Delta County",ESC,45.72277778,-87.09361111
11603,6828,12.210441176470589,18.829927972953108,11603,"Eugene, OR: Mahlon Sweet Field",EUG,44.12472222,-123.21083333
11612,1573,17.404575163398693,23.041775456919062,11612,"Evansville, IN: Evansville Regional",EVV,38.04,-87.52972222
11617,267,18.89433962264151,25.563909774436087,11617,"New Bern/Morehead/Beaufort, NC: Coastal Carolina Regional",EWN,35.07361111,-77.0425
11618,99228,25.814711494586636,27.07589423930318,11618,"Newark, NJ: Newark Liberty International",EWR,40.69361111,-74.16861111
11624,6159,13.571287291907039,19.836333878887068,11624,"Key West, FL: Key West International",EYW,24.55611111,-81.76
11630,3206,10.995287464655984,20.715630885122412,11630,"Fairbanks, AK: Fairbanks International",FAI,64.81527778,-147.85361111
11637,5950,16.33791115632418,21.47809910366988,11637,"Fargo, ND: Hector International",FAR,46.91916667,-96.81583333
11638,11161,13.77027027027027,20.26114362899595,11638,"Fresno, CA: Fresno Yosemite International",FAT,36.77666667,-119.71888889
11641,308,16.245098039215687,21.895424836601308,11641,"Fayetteville, NC: Fayetteville Regional/Grannis Field",FAY,34.98777778,-78.88444444
11648,3847,11.37006019366658,17.232375979112273,11648,"Kalispell, MT: Glacier Park International",FCA,48.31388889,-114.25222222
11695,1417,23.711815561959654,22.182340272792533,11695,"Flagstaff, AZ: Flagstaff Pulliam",FLG,35.14027778,-111.66916667
11697,71083,17.724288527959352,23.19584696344759,11697,"Fort Lauderdale, FL: Fort Lauderdale-Hollywood International",FLL,26.07138889,-80.14944444
11711,177,28.593220338983052,23.728813559322035,11711,"Farmington, NM: Four Corners Regional",FMN,36.74138889,-108.23111111
11721,2711,22.542240416821734,26.887318705838602,11721,"Flint, MI: Bishop International",FNT,42.96555556,-83.74472222
11725,522,12.18235294117647,18.323586744639375,11725,"Fort Dodge, IA: Fort Dodge Regional",FOD,42.5525,-94.19138889
11775,6058,18.966432865731463,24.574858286095367,11775,"Sioux Falls, SD: Joe Foss Field",FSD,43.58083333,-96.74166667
11778,978,10.459488272921108,17.42826780021254,11778,"Fort Smith, AR: Fort Smith Regional",FSM,35.33527778,-94.36777778
11823,5510,18.97440618670595,24.51755192060283,11823,"Fort Wayne, IN: Fort Wayne International",FWA,40.97833333,-85.19527778
11865,608,22.979763912310286,21.812080536912752,11865,"Gillette, WY: Northeast Wyoming Regional",GCC,44.34722222,-105.54138889
11867,608,14.834188034188035,24.576271186440678,11867,"Garden City, KS: Garden City Regional",GCK,37.9225,-100.72305556
11884,15277,12.278771537550966,20.526972862868785,11884,"Spokane, WA: Spokane International",GEG,47.61916667,-117.53527778
11898,666,9.681203007518796,12.762762762762764,11898,"Grand Forks, ND: Grand Forks International",GFK,47.94638889,-97.17305556
11905,608,21.580479452054796,23.809523809523807,11905,"Longview, TX: East Texas Regional",GGG,32.38972222,-94.71666667
11921,3880,14.93263979193758,20.545454545454543,11921,"Grand Junction, CO: Grand Junction Regional",GJT,39.11861111,-108.51444444
11953,2283,14.262852033974072,19.518716577540108,11953,"Gainesville, FL: Gainesville Regional",GNV,29.69083333,-82.27277778
11973,2865,14.392277156261278,19.84870317002882,11973,"Gulfport/Biloxi, MS: Gulfport-Biloxi International",GPT,30.40111111,-89.06611111
11977,3423,16.481514344868383,22.727272727272727,11977,"Green Bay, WI: Green Bay Austin Straubel International",GRB,44.48472222,-88.12972222
11980,820,14.0,17.632241813602015,11980,"Grand Island, NE: Central Nebraska Regional",GRI,40.98055556,-98.31472222
11982,1458,15.4136460554371,25.035460992907797,11982,"Killeen, TX: Robert Gray AAF",GRK,31.06722222,-97.82888889
11986,15378,17.483813542559503,23.244631800816755,11986,"Grand Rapids, MI: Gerald R. Ford International",GRR,42.88194444,-85.52388889
11995,8603,17.423718712753278,23.96999285544177,11995,"Greensboro/High Point, NC: Piedmont Triad International",GSO,36.10138889,-79.94111111
11996,11886,19.024522457408363,25.337344220025788,11996,"Greer, SC: Greenville-Spartanburg International",GSP,34.89555556,-82.21888889
11997,86,9.304878048780488,16.867469879518072,11997,"Gustavus, AK: Gustavus Airport",GST,58.42527778,-135.7075
12003,2103,10.844062947067238,14.292520247737016,12003,"Great Falls, MT: Great Falls International",GTF,47.47666667,-111.37305556
12007,182,19.757062146892654,19.444444444444446,12007,"Columbus, MS: Golden Triangle Regional",GTR,33.44833333,-88.59138889
12012,972,22.263759086188994,20.2688728024819,12012,"Gunnison, CO: Gunnison-Crested Butte Regional",GUC,38.53611111,-106.92944444
12016,610,7.630541871921182,10.180623973727423,12016,"Guam, TT: Guam International",GUM,13.48388889,144.79722222
12094,1939,18.70174510840825,24.83081728266528,12094,"Hayden, CO: Yampa Valley",HDN,40.48111111,-107.21777778
12119,274,30.24907063197026,42.75092936802974,12119,"Hagerstown, MD: Hagerstown Regional-Richard A. Henson Field",HGR,39.70861111,-77.72638889
12124,1957,9.262363352420614,16.30546955624355,12124,"Hilton Head, SC: Hilton Head Airport",HHH,32.22444444,-80.6975
12129,522,9.924710424710424,13.051823416506716,12129,"Hibbing, MN: Range Regional",HIB,47.38666667,-92.83888889
12156,1431,14.251951738821859,17.136812411847675,12156,"Helena, MT: Helena Regional",HLN,46.60666667,-111.98333333
12173,49208,10.197512621598325,14.73406215452647,12173,"Honolulu, HI: Daniel K Inouye International",HNL,21.31777778,-157.92027778
12177,608,43.00687285223368,36.394557823129254,12177,"Hobbs, NM: Lea County Regional",HOB,32.68777778,-103.21777778
12191,46062,12.378095301095897,20.25480505216914,12191,"Houston, TX: William P Hobby",HOU,29.64611111,-95.27722222
12197,9021,18.607748739110498,23.704795374674074,12197,"White Plains, NY: Westchester County",HPN,41.06694444,-73.7075
12206,3587,13.352991944764097,20.769893708704394,12206,"Harlingen/San Benito, TX: Valley International",HRL,26.22638889,-97.65444444
12217,7229,19.825521577593598,25.117605131860298,12217,"Huntsville, AL: Huntsville International-Carl T Jones Field",HSV,34.63722222,-86.775
12223,473,25.84334763948498,34.54157782515991,12223,"Ashland, WV: Tri-State/Milton J. Ferguson Field",HTS,38.36861111,-82.56027778
12250,380,9.029411764705882,13.903743315508022,12250,"Hyannis, MA: Cape Cod Gateway",HYA,41.66944444,-70.28027778
12255,522,26.60433070866142,25.49019607843137,12255,"Hays, KS: Hays Regional",HYS,38.84222222,-99.27305556
12264,48274,14.760562493441075,18.85626936929391,12264,"Washington, DC: Washington Dulles International",IAD,38.95611111,-77.46166667
12265,411,17.34152334152334,18.42751842751843,12265,"Niagara Falls, NY: Niagara Falls International",IAG,43.10944444,-78.93305556
12266,97265,17.126696737867736,21.035723598435464,12266,"Houston, TX: George Bush Intercontinental/Houston",IAH,29.98555556,-95.34111111
12278,9342,19.5990990990991,24.567739111402933,12278,"Wichita, KS: Wichita Dwight D Eisenhower National",ICT,37.65027778,-97.43222222
12280,3628,17.885323660714285,21.53974430239022,12280,"Idaho Falls, ID: Idaho Falls Regional",IDA,43.525,-112.05861111
12323,6313,17.026603558021872,23.06312183983037,12323,"Wilmington, NC: Wilmington International",ILM,34.2675,-77.90277778
12335,607,18.61241610738255,18.93687707641196,12335,"Iron Mountain/Kingsfd, MI: Ford",IMT,45.81833333,-88.11444444
12339,39539,15.987382515771856,22.505269651945916,12339,"Indianapolis, IN: Indianapolis International",IND,39.71722222,-86.29472222
12343,553,10.487272727272726,11.272727272727273,12343,"International Falls, MN: Falls International Einarson Field",INL,48.56555556,-93.40222222
12391,4430,16.864488117001827,23.080428343586238,12391,"Islip, NY: Long Island MacArthur",ISP,40.79611111,-73.10055556
12397,4,0.0,0.0,12397,"Ithaca/Cortland, NY: Ithaca Tompkins International",ITH,42.49138889,-76.45861111
12402,5544,4.994189213727982,8.729582577132486,12402,"Hilo, HI: Hilo International",ITO,19.72138889,-155.05444444
12441,5702,16.78979300499643,21.389429025985503,12441,"Jackson, WY: Jackson Hole",JAC,43.60722222,-110.73777778
12448,5233,18.597558574522544,24.13184226015303,12448,"Jackson/Vicksburg, MS: Jackson Medgar Wiley Evers International",JAN,32.31111111,-90.07583333
12451,23342,18.59873417721519,25.708810591873178,12451,"Jacksonville, FL: Jacksonville International",JAX,30.49472222,-81.70444444
12478,87221,19.365325802936386,22.30445085153323,12478,"New York, NY: John F. Kennedy International",JFK,40.64,-73.77861111
12511,607,32.011884550084886,26.34228187919463,12511,"Joplin, MO: Joplin Regional",JLN,37.14972222,-94.49805556
12519,547,11.55083179297597,17.36745886654479,12519,"Jamestown, ND: Jamestown Regional",JMS,46.92972222,-98.67805556
12523,4054,9.779894710453748,17.124313529705443,12523,"Juneau, AK: Juneau International",JNU,58.35472222,-134.57833333
12544,573,26.62982456140351,39.29824561403509,12544,"Concord, NC: Concord Padgett Regional",USA,35.38777778,-80.70916667
12559,608,28.517887563884155,25.882352941176475,12559,"Johnstown, PA: John Murtha Johnstown-Cambria County",JST,40.31527778,-78.83416667
12758,13160,7.451264367816092,12.664423371061487,12758,"Kona, HI: Ellison Onizuka Kona International at Keahole",KOA,19.73333333,-156.04611111
12819,2031,11.922344689378757,19.41555225359089,12819,"Ketchikan, AK: Ketchikan International",KTN,55.35416667,-131.71111111
12878,139,29.226277372262775,31.386861313868614,12878,"Lafayette, IN: Purdue University",LAF,40.41222222,-86.93694444
12884,1698,17.017354877318972,23.311416616855947,12884,"Lansing, MI: Capital Region International",LAN,42.77861111,-84.58611111
12888,522,20.24404761904762,23.91304347826087,12888,"Laramie, WY: Laramie Regional",LAR,41.31333333,-105.67277778
12889,154813,14.525809518847527,20.88980515595328,12889,"Las Vegas, NV: Harry Reid International",LAS,36.08,-115.15222222
12891,910,24.27526132404181,27.74566473988439,12891,"Lawton/Fort Sill, OK: Lawton-Fort Sill Regional",LAW,34.56666667,-98.41638889
12892,159004,13.802726259247999,18.26314723895328,12892,"Los Angeles, CA: Los Angeles International",LAX,33.94305556,-118.40888889
12896,5468,19.027269331341053,24.55781046360082,12896,"Lubbock, TX: Lubbock Preston Smith International",LBB,33.66166667,-101.81861111
12898,438,10.540229885057471,19.26605504587156,12898,"Latrobe, PA: Arnold Palmer Regional",LBE,40.27305556,-79.41027778
12899,521,16.276134122287967,22.63779527559055,12899,"North Platte, NE: North Platte Regional Airport Lee Bird Field",LBF,41.12611111,-100.68361111
12902,522,13.59,20.19607843137255,12902,"Liberal, KS: Liberal Mid-America Regional",LBL,37.05055556,-100.95638889
12915,1008,17.552270327349525,20.833333333333336,12915,"Lake Charles, LA: Lake Charles Regional",LCH,30.12611111,-93.22333333
12917,1020,20.756889763779526,25.29527559055118,12917,"Columbus, OH: Rickenbacker International",LCK,39.81388889,-82.92777778
12945,8096,18.77378701953371,24.918197835388874,12945,"Lexington, KY: Blue Grass",LEX,38.03666667,-84.60861111
12951,2241,20.878228782287824,26.2551819438047,12951,"Lafayette, LA: Lafayette Regional Paul Fournet Field",LFT,30.20388889,-91.98638889
12953,112763,19.89809255813527,24.494316472657996,12953,"New York, NY: LaGuardia",LGA,40.77722222,-73.8725
12954,14044,8.874848029750412,16.178571428571427,12954,"Long Beach, CA: Long Beach Airport",LGB,33.81805556,-118.15194444
12982,13059,7.064386628580252,11.737957610789982,12982,"Lihue, HI: Lihue Airport",LIH,21.985,-159.33611111
12992,10577,17.4321836853323,24.258525746304706,12992,"Little Rock, AR: Bill and Hillary Clinton Nat Adams Field",LIT,34.72944444,-92.22472222
13029,2359,26.279259896729776,28.008565310492507,13029,"Lincoln, NE: Lincoln Airport",LNK,40.85194444,-96.75583333
13061,1504,12.09147609147609,20.994475138121548,13061,"Laredo, TX: Laredo International",LRD,27.54416667,-99.46166667
13076,715,13.512747875354108,22.206506364922205,13076,"La Crosse, WI: La Crosse Regional",LSE,43.87888889,-91.25611111
13127,638,5.386435331230284,8.49056603773585,13127,"Lewiston, ID: Lewiston Nez Perce County",LWS,46.37166667,-117.00694444
13158,8312,18.59968160666177,23.627044178667315,13158,"Midland/Odessa, TX: Midland International Air and Space Port",MAF,31.9425,-102.20194444
13184,1959,17.86848891181021,22.86302780638517,13184,"Saginaw/Bay City/Midland, MI: MBS International",MBS,43.53305556,-84.07972222
13198,40299,15.866949859667754,22.83416933430797,13198,"Kansas City, MO: Kansas City International",MCI,39.29722222,-94.71333333
13204,132523,18.759330601616053,23.88356618571788,13204,"Orlando, FL: Orlando International",MCO,28.42916667,-81.30666667
13211,522,13.353293413173652,22.593320235756384,13211,"Mason City, IA: Mason City Municipal",MCW,43.15777778,-93.33111111
13230,4155,18.36653677545056,24.896568508152836,13230,"Harrisburg, PA: Harrisburg International",MDT,40.19305556,-76.7625
13232,62660,12.963385877640674,19.23491813044388,13232,"Chicago, IL: Chicago Midway International",MDW,41.78583333,-87.7525
13241,522,29.974509803921567,25.0,13241,"Meridian, MS: Key Field",MEI,32.33,-88.75416667
13244,20058,17.52082168098846,24.292093778544604,13244,"Memphis, TN: Memphis International",MEM,35.04277778,-89.97666667
13256,4062,18.975861201910988,23.637277066063803,13256,"Mission/McAllen/Edinburg, TX: McAllen International",MFE,26.17583333,-98.23861111
13264,3787,8.76223589194972,14.628297362110313,13264,"Medford, OR: Rogue Valley International - Medford",MFR,42.375,-122.87333333
13277,1881,28.766776677667767,27.38748627881449,13277,"Montgomery, AL: Montgomery Regional",MGM,32.30055556,-86.39
13282,608,35.998272884283246,26.324786324786327,13282,"Morgantown, WV: Morgantown Municipal Walter L Bill Hart Field",MGW,39.64361111,-79.9175
13290,1267,19.603122432210352,26.885245901639344,13290,"Manhattan/Ft. Riley, KS: Manhattan Regional",MHK,39.14222222,-96.66888889
13296,5062,16.473502538071067,23.209575978900386,13296,"Manchester, NH: Manchester Boston Regional",MHT,42.93277778,-71.43583333
13303,92539,19.35205996619768,23.162074359282876,13303,"Miami, FL: Miami International",MIA,25.79611111,-80.28972222
13342,23163,17.623170624835684,23.605582046458725,13342,"Milwaukee, WI: General Mitchell International",MKE,42.94694444,-87.89694444
13360,2443,15.517470881863561,21.105110095554632,13360,"Melbourne, FL: Melbourne Orlando International",MLB,28.10222222,-80.64333333
13367,3445,16.250957290132547,24.48499117127722,13367,"Moline, IL: Quad Cities International",MLI,41.4475,-90.50805556
13377,909,14.272,21.7787913340935,13377,"Monroe, LA: Monroe Regional",MLU,32.51138889,-92.03666667
13422,1442,20.669818181818183,26.25090645395214,13422,"Mobile, AL: Mobile Regional",MOB,30.69138889,-88.24277778
13433,2392,13.387178405735977,18.17416912074043,13433,"Minot, ND: Minot International",MOT,48.25777778,-101.27805556
13459,1113,20.159633027522936,20.054945054945055,13459,"Marquette, MI: Marquette Sawyer Regional",MQT,46.34916667,-87.39638889
13476,4063,14.85318352059925,19.255583126550867,13476,"Monterey, CA: Monterey Regional",MRY,36.58694444,-121.84194444
13485,10600,18.190083437230268,23.685470740350542,13485,"Madison, WI: Dane County Regional-Truax Field",MSN,43.14,-89.3375
13486,3812,13.950079239302694,19.236842105263158,13486,"Missoula, MT: Missoula Montana",MSO,46.91611111,-114.09138889
13487,95267,14.724743096375862,17.89028110584485,13487,"Minneapolis, MN: Minneapolis-St Paul International",MSP,44.88194444,-93.22166667
13495,42653,16.184583741898454,23.071967166173522,13495,"New Orleans, LA: Louis Armstrong New Orleans International",MSY,29.98888889,-90.25
13502,2057,15.788829005389514,23.532289628180038,13502,"Montrose/Delta, CO: Montrose Regional",MTJ,38.50888889,-107.89444444
13541,1070,9.156339370829361,14.339981006647673,13541,"Martha's Vineyard, MA: Martha's Vineyard Airport",MVY,41.39305556,-70.61222222
13577,12831,17.20446392985253,23.365376976245333,13577,"Myrtle Beach, SC: Myrtle Beach International",MYR,33.67972222,-78.92833333
13795,305,23.049122807017543,28.421052631578945,13795,"Jacksonville/Camp Lejeune, NC: Albert J Ellis",OAJ,34.82916667,-77.61222222
13796,29323,10.719737790438275,18.292850281322902,13796,"Oakland, CA: Oakland International",OAK,37.72138889,-122.22111111
13830,21253,7.475659517935092,11.468346039111701,13830,"Kahului, HI: Kahului Airport",OGG,20.90277778,-156.42611111
13851,20218,17.97770604257036,24.073888163838973,13851,"Oklahoma City, OK: Okc Will Rogers International",OKC,35.3925,-97.60222222
13871,20547,16.015797788309637,22.77159460258052,13871,"Omaha, NE: Eppley Airfield",OMA,41.30305556,-95.89388889
13873,301,10.405405405405405,23.31081081081081,13873,"Nome, AK: Nome Airport",OME,64.51055556,-165.44472222
13891,21851,13.858251709480687,21.566276173784708,13891,"Ontario, CA: Ontario International",ONT,34.05611111,-117.60111111
13930,270522,20.6569388330358,24.221531082549554,13930,"Chicago, IL: Chicago O'Hare International",ORD,41.97694444,-87.90805556
13931,16573,17.90067901234568,25.1864176988969,13931,"Norfolk, VA: Norfolk International",ORF,36.89472222,-76.20111111
13933,839,9.679314565483477,15.235792019347038,13933,"Worcester, MA: Worcester Regional",ORH,42.26722222,-71.87555556
13964,423,9.983213429256594,19.90521327014218,13964,"North Bend/Coos Bay, OR: Southwest Oregon Regional",OTH,43.41694444,-124.24694444
13970,307,5.941780821917808,9.523809523809524,13970,"Kotzebue, AK: Ralph Wien Memorial",OTZ,66.88916667,-162.60666667
14004,898,11.29086809470124,15.358744394618833,14004,"Everett, WA: Seattle Paine Field International",PAE,47.90722222,-122.28222222
14025,458,9.260579064587974,13.082039911308204,14025,"Plattsburgh, NY: Plattsburgh International",PBG,44.65083333,-73.46805556
14027,24803,20.027566968864093,26.979196468712964,14027,"West Palm Beach/Palm Beach, FL: Palm Beach International",PBI,26.68305556,-80.09555556
14057,51060,12.101992896606156,18.748891035624865,14057,"Portland, OR: Portland International",PDX,45.58861111,-122.59805556
14082,6290,20.443625880845612,23.580089342693043,14082,"Punta Gorda, FL: Punta Gorda Airport",PGD,26.91861111,-81.99083333
14100,82544,22.813859470721,24.583714773486403,14100,"Philadelphia, PA: Philadelphia International",PHL,39.87416667,-75.23666667
14107,162177,14.869600657067835,19.042119902647396,14107,"Phoenix, AZ: Phoenix Sky Harbor International",PHX,33.43361111,-112.01194444
14108,4531,19.6443345323741,24.859771146511108,14108,"Peoria, IL: General Downing - Peoria International",PIA,40.65972222,-89.68888889
14109,522,20.73870333988212,26.5625,14109,"Hattiesburg/Laurel, MS: Hattiesburg-Laurel Regional",PIB,31.46722222,-89.33694444
14112,7968,27.600202557285733,31.342155009451794,14112,"St. Petersburg, FL: St Pete Clearwater International",PIE,27.90861111,-82.68638889
14113,489,6.372188139059305,7.157464212678937,14113,"Pocatello, ID: Pocatello Regional",PIH,42.89861111,-112.605
14120,175,18.169590643274855,21.965317919075144,14120,"Pierre, SD: Pierre Regional",PIR,44.38638889,-100.29583333
14122,36190,16.45096332078863,22.422405567716226,14122,"Pittsburgh, PA: Pittsburgh International",PIT,40.49138889,-80.23277778
14150,819,14.685208596713021,19.573400250941027,14150,"Pellston, MI: Pellston Regional Emmet County",PLN,45.57083333,-84.79666667
14193,11872,16.699378560331436,23.09679641749914,14193,"Pensacola, FL: Pensacola International",PNS,30.47277778,-87.18805556
14222,124,11.237704918032787,22.950819672131146,14222,"Pago Pago, TT: Pago Pago International",PPG,-14.33166667,-170.71138889
14231,304,23.103678929765888,30.4635761589404,14231,"Presque Isle/Houlton, ME: Presque Isle International",PQI,46.685,-68.04694444
14237,614,35.75290215588723,26.567656765676567,14237,"Prescott, AZ: Prescott Regional Ernest A Love Field",PRC,34.65472222,-112.41916667
14252,5335,10.732005262168766,17.014084507042256,14252,"Pasco/Kennewick/Richland, WA: Tri Cities",PSC,46.26472222,-119.11888889
14254,547,15.009225092250922,23.062730627306273,14254,"Ponce, PR: Mercedita",PSE,18.00888889,-66.56444444
14256,606,9.405405405405405,14.715719063545151,14256,"Petersburg, AK: Petersburg James A Johnson",PSG,56.80138889,-132.94611111
14259,439,9.423340961098399,13.66742596810934,14259,"Portsmouth, NH: Portsmouth International at Pease",PSM,43.07805556,-70.82333333
14262,12039,12.016719612105,18.907422852376982,14262,"Palm Springs, CA: Palm Springs International",PSP,33.82972222,-116.50666667
14307,12929,17.079473850031505,24.4537022480742,14307,"Providence, RI: Rhode Island Tf Green International",PVD,41.72222222,-71.42777778
14314,2552,32.108903020667725,29.374505146476643,14314,"Provo, UT: Provo Municipal",PVU,40.21888889,-111.7225
14321,9548,15.963022508038586,22.363772615351678,14321,"Portland, ME: Portland International Jetport",PWM,43.64555556,-70.30861111
14457,4575,16.803786191536748,22.993348115299334,14457,"Rapid City, SD: Rapid City Regional",RAP,44.04888889,-103.06138889
14487,1383,16.25417574437182,17.634252539912918,14487,"Redding, CA: Redding Regional",RDD,40.50972222,-122.295
14489,5140,9.900666144200628,17.151787458487984,14489,"Bend/Redmond, OR: Roberts Field",RDM,44.25416667,-121.15055556
14492,45780,16.35348062617964,22.712150113117154,14492,"Raleigh/Durham, NC: Raleigh-Durham International",RDU,35.87583333,-78.78555556
14512,782,15.19201030927835,15.512820512820513,14512,"Rockford, IL: Chicago/Rockford International",RFD,42.19527778,-89.09722222
14520,808,13.777777777777779,14.357682619647354,14520,"Rhinelander, WI: Rhinelander/Oneida County",RHI,45.63083333,-89.46666667
14524,14617,17.959966522527548,25.20008351311852,14524,"Richmond, VA: Richmond International",RIC,37.51722222,-77.32416667
14534,608,20.852404643449418,21.357615894039736,14534,"Riverton/Lander, WY: Central Wyoming Regional",RIW,43.06555556,-108.46055556
14543,608,24.04054054054054,26.54424040066778,14543,"Rock Springs, WY: Southwest Wyoming Regional",RKS,41.59416667,-109.06527778
14570,17614,12.809085681426106,20.347039285305236,14570,"Reno, NV: Reno/Tahoe International",RNO,39.49916667,-119.76805556
14574,1461,22.46326102169349,29.13769123783032,14574,"Roanoke, VA: Roanoke Blacksburg Regional",ROA,37.32583333,-79.97861111
14576,8425,17.677606879011748,24.189646831156264,14576,"Rochester, NY: Frederick Douglass Grtr Rochester International",ROC,43.11916667,-77.67194444
14588,827,18.343908629441625,23.106060606060606,14588,"Roswell, NM: Roswell Air Center",ROW,33.3,-104.52944444
14633,865,23.24561403508772,29.171528588098017,14633,"Rochester, MN: Rochester International",RST,43.91,-92.49666667
14635,28744,15.532683202600523,22.15929079012172,14635,"Fort Myers, FL: Southwest Florida International",RSW,26.53611111,-81.75527778
14674,3041,16.118478626725008,23.535319718781388,14674,"Santa Fe, NM: Santa Fe Regional",SAF,35.61666667,-106.08916667
14679,80450,14.509065287686056,23.589672856766686,14679,"San Diego, CA: San Diego International",SAN,32.73361111,-117.18972222
14683,34786,16.17710973229631,22.804977322944527,14683,"San Antonio, TX: San Antonio International",SAT,29.53416667,-98.46944444
14685,16171,18.79723910840932,24.273623041940372,14685,"Savannah, GA: Savannah/Hilton Head International",SAV,32.12861111,-81.2
14689,6837,13.226538176426983,18.889052600559893,14689,"Santa Barbara, CA: Santa Barbara Municipal",SBA,34.42583333,-119.84111111
14696,6497,21.3524538918412,25.401528145953534,14696,"South Bend, IN: South Bend International",SBN,41.70833333,-86.31722222
14698,4450,16.08088402825245,21.718431194740422,14698,"San Luis Obispo, CA: San Luis Obispo County Regional",SBP,35.23694444,-120.64027778
14709,456,8.256637168141593,13.90728476821192,14709,"Deadhorse, AK: Deadhorse Airport",SCC,70.19472222,-148.46527778
14711,374,15.32054794520548,21.138211382113823,14711,"State College, PA: State College Regional",SCE,40.85,-77.8475
14716,454,19.935267857142858,19.15367483296214,14716,"Stockton, CA: Stockton Metro",SCK,37.89472222,-121.24
14730,19621,16.494296577946766,22.21529509559435,14730,"Louisville, KY: Louisville Muhammad Ali International",SDF,38.17416667,-85.73638889
14747,139208,13.176058279760264,20.77618126354078,14747,"Seattle, WA: Seattle/Tacoma International",SEA,47.45,-122.31166667
14761,8756,35.8149511213341,36.24053247647464,14761,"Sanford, FL: Orlando Sanford International",SFB,28.77638889,-81.23444444
14771,120504,16.070923765315936,23.210734755944724,14771,"San Francisco, CA: San Francisco International",SFO,37.61888889,-122.37555556
14783,7916,17.172018052869117,24.12731006160164,14783,"Springfield, MO: Springfield-Branson National",SGF,37.24555556,-93.38861111
14794,3753,12.210216635464027,16.439818521483854,14794,"St. George, UT: St George Regional",SGU,37.03638889,-113.51027778
14812,608,20.597643097643097,23.283082077051926,14812,"Sheridan, WY: Sheridan County",SHR,44.77166667,-106.98444444
14814,4918,24.499477970348718,26.427678199249687,14814,"Shreveport, LA: Shreveport Regional",SHV,32.44694444,-93.82861111
14828,1150,12.015929203539823,22.57495590828924,14828,"Sitka, AK: Sitka Rocky Gutierrez",SIT,57.04694444,-135.36111111
14831,38602,10.721983264252756,17.747902662706476,14831,"San Jose, CA: Norman Y. Mineta San Jose International",SJC,37.36305556,-121.92861111
14842,911,20.339816933638446,23.71721778791334,14842,"San Angelo, TX: San Angelo Regional/Mathis Field",SJT,31.35777778,-100.49638889
14843,29586,19.606412401406768,26.202389461860516,14843,"San Juan, PR: Luis Munoz Marin International",SJU,18.43944444,-66.00222222
14869,97210,11.196439089415437,14.993649384041882,14869,"Salt Lake City, UT: Salt Lake City International",SLC,40.78833333,-111.97777778
14877,793,36.031209362808845,32.903225806451616,14877,"Salina, KS: Salina Regional",SLN,38.78972222,-97.65444444
14893,48737,11.977770439018348,19.017569908438507,14893,"Sacramento, CA: Sacramento International",SMF,38.69555556,-121.59083333
14905,119,15.264957264957266,18.64406779661017,14905,"Santa Maria, CA: Santa Maria Public/Capt. G. Allan Hancock Field",SMX,34.90361111,-120.45888889
14908,37415,10.945488009527418,18.10879292684242,14908,"Santa Ana, CA: John Wayne Airport-Orange County",SNA,33.67611111,-117.86777778
14952,486,15.9375,20.0,14952,"Springfield, IL: Abraham Lincoln Capital",SPI,39.84416667,-89.67833333
14955,306,5.085245901639344,3.934426229508197,14955,"Saipan, TT: Francisco C. Ada Saipan International",SPN,15.12027778,145.73
14960,608,24.846020761245676,24.137931034482758,14960,"Wichita Falls, TX: Sheppard AFB/Wichita Falls Municipal",SPS,33.98888889,-98.49194444
14986,14063,16.338345323741006,21.451126740347352,14986,"Sarasota/Bradenton, FL: Sarasota/Bradenton International",SRQ,27.39555556,-82.55444444
15008,146,6.531034482758621,10.95890410958904,15008,"St. Cloud, MN: St. Cloud Regional",STC,45.54611111,-94.05861111
15016,53643,13.735640020453383,19.933466903564813,15016,"St. Louis, MO: St Louis Lambert International",STL,38.74861111,-90.37
15023,3779,13.812550281576831,21.60576153640971,15023,"Santa Rosa, CA: Charles M. Schulz - Sonoma County",STS,38.50972222,-122.81305556
15024,4182,11.7601065117405,18.302068302068303,15024,"Charlotte Amalie, VI: Cyril E King",STT,18.33722222,-64.97333333
15027,1128,14.402319357716324,22.528940338379343,15027,"Christiansted, VI: Henry E. Rohlsen",STX,17.70166667,-64.80194444
15041,2122,9.610978520286396,11.268939393939394,15041,"Sun Valley/Hailey/Ketchum, ID: Friedman Memorial",SUN,43.50388889,-114.29555556
15048,608,25.56972789115646,29.98324958123953,15048,"Sioux City, IA: Sioux Gateway Brig Gen Bud Day Field",SUX,42.40138889,-96.38444444
15070,509,13.327380952380953,16.633663366336634,15070,"Newburgh/Poughkeepsie, NY: New York Stewart International",SWF,41.50416667,-74.10472222
15074,608,17.239655172413794,18.448275862068968,15074,"Stillwater, OK: Stillwater Regional",SWO,36.15861111,-97.08666667
15096,8668,18.12372720814587,25.295508274231675,15096,"Syracuse, NY: Syracuse Hancock International",SYR,43.11111111,-76.10638889
15249,3788,17.133947939262473,22.33351380617217,15249,"Tallahassee, FL: Tallahassee International",TLH,30.39666667,-84.35083333
15295,318,27.701587301587303,33.22784810126582,15295,"Toledo, OH: Eugene F Kranz Toledo Express",TOL,41.59083333,-83.80083333
15304,66161,17.64981003737974,24.034039692603855,15304,"Tampa, FL: Tampa International",TPA,27.97555556,-82.53333333
15323,1079,19.897460018814677,27.511737089201876,15323,"Bristol/Johnson City/Kingsport, TN: Tri Cities",TRI,36.47527778,-82.4075
15356,971,23.126609442060087,28.91949152542373,15356,"Trenton, NJ: Trenton Mercer",TTN,40.27666667,-74.81333333
15370,15306,17.242075119872137,23.94422310756972,15370,"Tulsa, OK: Tulsa International",TUL,36.19833333,-95.88944444
15376,16612,13.72428233294896,20.04609692484988,15376,"Tucson, AZ: Tucson International",TUS,32.125,-110.94972222
15380,4464,20.414340821420467,25.747282608695656,15380,"Traverse City, MI: Cherry Capital",TVC,44.74166667,-85.58194444
15389,600,3.8366666666666664,5.166666666666667,15389,"Twin Falls, ID: Joslin Field - Magic Valley Regional",TWF,42.48083333,-114.48555556
15401,608,17.361921097770153,24.273504273504273,15401,"Texarkana, AR: Texarkana Regional-Webb Field",TXK,33.45638889,-93.98916667
15411,911,17.36518771331058,24.09090909090909,15411,"Tyler, TX: Tyler Pounds Regional",TYR,32.35388889,-95.40277778
15412,11252,23.735748002904867,27.97678425682416,15412,"Knoxville, TN: McGhee Tyson",TYS,35.81111111,-83.99416667
15569,485,42.90948275862069,22.483940042826553,15569,"Victoria, TX: Victoria Regional",VCT,28.85416667,-96.91861111
15624,9362,18.15914282606331,22.658708627238198,15624,"Valparaiso, FL: Eglin AFB Destin Fort Walton Beach",VPS,30.48333333,-86.52611111
15841,606,10.136593591905564,16.2751677852349,15841,"Wrangell, AK: Wrangell Airport",WRG,56.48444444,-132.36972222
15897,336,8.012084592145015,13.988095238095239,15897,"West Yellowstone, MT: Yellowstone",WYS,44.68833333,-111.11777778
15919,10582,17.88364200523611,22.932766615146832,15919,"Fayetteville, AR: Northwest Arkansas National",XNA,36.28166667,-94.30777778
15991,606,6.062289562289562,12.020033388981636,15991,"Yakutat, AK: Yakutat Airport",YAK,59.50888889,-139.65972222
16218,1355,12.679372197309418,17.15137956748695,16218,"Yuma, AZ: Yuma MCAS/Yuma International",YUM,32.65666667,-114.60611111
16422,234,7.708154506437769,15.81196581196581,16422,"Gulf Shores, AL: Gulf Shores International Jack Edwards Field",GUF,30.29027778,-87.67694444
16869,1977,17.211686314710406,21.62849872773537,16869,"Williston, ND: Williston Basin International",XWA,48.25972222,-103.75055556
